{"wavelength_key_0": [889, 1970], "wavelength_key_1": [880, 1862], "wavelength_key_2": [925, 1861], "wavelength_key_3": [975, 1856], "wavelength_key_4": [874, 1894], "wavelength_key_5": [936, 1890], "wavelength_key_6": [982, 1902], "wavelength_key_7": [879, 1936], "wavelength_key_8": [940, 1928], "wavelength_key_9": [967, 1931], "wavelength_key_.": [930, 1973], "wavelength_key_clear": [1040, 1896], "wavelength_key_enter": [1028, 1974], "power_key_0": [969, 1970], "power_key_1": [971, 1860], "power_key_2": [1022, 1865], "power_key_3": [1074, 1866], "power_key_4": [982, 1897], "power_key_5": [1021, 1897], "power_key_6": [1072, 1903], "power_key_7": [972, 1932], "power_key_8": [1014, 1934], "power_key_9": [1073, 1940], "power_key_.": [1019, 1973], "power_key_clear": [1124, 1900], "power_key_enter": [1113, 1971]}