{"wavelength_key_0": [1208, 749], "wavelength_key_1": [1190, 560], "wavelength_key_2": [1259, 575], "wavelength_key_3": [1360, 565], "wavelength_key_4": [1197, 621], "wavelength_key_5": [1284, 630], "wavelength_key_6": [1357, 627], "wavelength_key_7": [1212, 697], "wavelength_key_8": [1283, 696], "wavelength_key_9": [1365, 694], "wavelength_key_.": [1286, 747], "wavelength_key_clear": [1128, 689], "wavelength_key_enter": [1129, 819], "power_key_0": [1631, 752], "power_key_1": [1630, 555], "power_key_2": [1750, 573], "power_key_3": [1806, 572], "power_key_4": [1644, 635], "power_key_5": [1725, 639], "power_key_6": [1813, 633], "power_key_7": [1621, 698], "power_key_8": [1716, 693], "power_key_9": [1810, 686], "power_key_.": [1627, 748], "power_key_clear": [1548, 688], "power_key_enter": [1535, 812]}